Category,School,Skill Name,Skill ID,Internal Name,Exp Factor,Lv 50,Lv 80,Lv 100,Lv 120,Lv 140,Lv 160,Lv 180,Lv 200
Combat,Blades,Bladed Combat,470,BladeAttack,1,10233,180138,1212424,8157124,54877598,369189582,2483723446,16709249906
Combat,Blades,Thrust,10,Thrust,1,10233,180138,1212424,8157124,54877598,369189582,2483723446,16709249906
Combat,Blades,Double Slash,12,DoubleThrust,1,10233,180138,1212424,8157124,54877598,369189582,2483723446,16709249906
Combat,Blades,Vital Points,13,VitalPoints,1,10233,180138,1212424,8157124,54877598,369189582,2483723446,16709249906
Combat,Blades,Riposte,14,Riposte,1,10233,180138,1212424,8157124,54877598,369189582,2483723446,16709249906
Combat,Blades,Rend,15,Rend,1,10233,180138,1212424,8157124,54877598,369189582,2483723446,16709249906
Combat,Blades,Blade Speed,16,BladeSpeed,4,40932,720552,4849696,32628496,219510392,1476758328,9934893784,66836999624
Combat,Blades,Blade Mastery,17,BladeMastery,4,40932,720552,4849696,32628496,219510392,1476758328,9934893784,66836999624
Combat,Blades,Whirling Blades,18,WhirlingBlades,2,20466,360276,2424848,16314248,109755196,738379164,4967446892,33418499812
Combat,Blades,Coup De Grace,19,CoupDeGrace,2,20466,360276,2424848,16314248,109755196,738379164,4967446892,33418499812
Combat,Blades,Blade Specialization,2502,MasteryBlade,20,204660,3602760,24248480,163142480,1097551960,7383791640,49674468920,334184998120
Combat,Bludgeon,Bludgeon Combat,471,BludgeonAttack,1,10233,180138,1212424,8157124,54877598,369189582,2483723446,16709249906
Combat,Bludgeon,Crushing Blow,20,CrushingBlow,1,10233,180138,1212424,8157124,54877598,369189582,2483723446,16709249906
Combat,Bludgeon,Break Weapon,21,BreakWeapon,1,10233,180138,1212424,8157124,54877598,369189582,2483723446,16709249906
Combat,Bludgeon,Knockback,22,Knockback,2,20466,360276,2424848,16314248,109755196,738379164,4967446892,33418499812
Combat,Bludgeon,Stunner,23,Stunner,4,40932,720552,4849696,32628496,219510392,1476758328,9934893784,66836999624
Combat,Bludgeon,Break Armor,24,BreakArmor,1,10233,180138,1212424,8157124,54877598,369189582,2483723446,16709249906
Combat,Bludgeon,Knockdown,25,Knockdown,2,20466,360276,2424848,16314248,109755196,738379164,4967446892,33418499812
Combat,Bludgeon,Crusher,26,Crusher,4,40932,720552,4849696,32628496,219510392,1476758328,9934893784,66836999624
Combat,Bludgeon,Breaker,27,Breaker,4,40932,720552,4849696,32628496,219510392,1476758328,9934893784,66836999624
Combat,Bludgeon,Berserk,28,Berserk,1,10233,180138,1212424,8157124,54877598,369189582,2483723446,16709249906
Combat,Bludgeon,Ground Pound,29,GroundPound,1,10233,180138,1212424,8157124,54877598,369189582,2483723446,16709249906
Combat,Bludgeon,Bludgeon Specialization,2503,MasteryBludgeon,20,204660,3602760,24248480,163142480,1097551960,7383791640,49674468920,334184998120
Combat,Heavy Armor,Body Slam,75,BodySlam,2,20466,360276,2424848,16314248,109755196,738379164,4967446892,33418499812
Combat,Heavy Armor,Glancing Blow,72,GlancingBlow,1,10233,180138,1212424,8157124,54877598,369189582,2483723446,16709249906
Combat,Heavy Armor,Inner Strength,73,InnerStrength,2,20466,360276,2424848,16314248,109755196,738379164,4967446892,33418499812
Combat,Heavy Armor,Absorb Impacts,74,AbsorbImpacts,1,10233,180138,1212424,8157124,54877598,369189582,2483723446,16709249906
Combat,Heavy Armor,Deflection,76,Deflection,1,10233,180138,1212424,8157124,54877598,369189582,2483723446,16709249906
Combat,Heavy Armor,Hard Headed,77,HardHeaded,4,40932,720552,4849696,32628496,219510392,1476758328,9934893784,66836999624
Combat,Heavy Armor,Endurance,78,Endurance,4,40932,720552,4849696,32628496,219510392,1476758328,9934893784,66836999624
Combat,Heavy Armor,Knight's Grace,79,KnightsGrace,3,30699,540414,3637272,24471372,164632794,1107568746,7451170338,50127749718
Combat,Heavy Armor,Valiant Warden,2541,ValiantWarden,3,30699,540414,3637272,24471372,164632794,1107568746,7451170338,50127749718
Combat,Heavy Armor,Taunt,80,Taunt,1,10233,180138,1212424,8157124,54877598,369189582,2483723446,16709249906
Combat,Heavy Armor,Heavy Armor Specialization,2508,MasteryHeavyArmor,20,204660,3602760,24248480,163142480,1097551960,7383791640,49674468920,334184998120
Combat,Heavy Armor,Provoking Shout,3541,ProvokingShout,1,10233,180138,1212424,8157124,54877598,369189582,2483723446,16709249906
Combat,Light Armor,Dodge,91,Dodge,1,10233,180138,1212424,8157124,54877598,369189582,2483723446,16709249906
Combat,Light Armor,Evasion,92,Tumble,1,10233,180138,1212424,8157124,54877598,369189582,2483723446,16709249906
Combat,Light Armor,Escape,93,Escape,1,10233,180138,1212424,8157124,54877598,369189582,2483723446,16709249906
Combat,Light Armor,Swiftness,95,Swiftness,4,40932,720552,4849696,32628496,219510392,1476758328,9934893784,66836999624
Combat,Light Armor,Flurry,96,Flurry,1,10233,180138,1212424,8157124,54877598,369189582,2483723446,16709249906
Combat,Light Armor,Sprint,97,Sprint,1,10233,180138,1212424,8157124,54877598,369189582,2483723446,16709249906
Combat,Light Armor,Acrobatics,99,Acrobatics,1,10233,180138,1212424,8157124,54877598,369189582,2483723446,16709249906
Combat,Light Armor,Light Armor Specialization,2510,MasteryLightArmor,20,204660,3602760,24248480,163142480,1097551960,7383791640,49674468920,334184998120
Combat,Polearms,Polearm Combat,472,PolearmAttack,1,10233,180138,1212424,8157124,54877598,369189582,2483723446,16709249906
Combat,Polearms,Push,111,Push,1,10233,180138,1212424,8157124,54877598,369189582,2483723446,16709249906
Combat,Polearms,Puncture,113,Puncture,1,10233,180138,1212424,8157124,54877598,369189582,2483723446,16709249906
Combat,Polearms,Reach,114,Reach,4,40932,720552,4849696,32628496,219510392,1476758328,9934893784,66836999624
Combat,Polearms,Pull,115,Pull,1,10233,180138,1212424,8157124,54877598,369189582,2483723446,16709249906
Combat,Polearms,Spinning Attack,116,SpinningAttack,1,10233,180138,1212424,8157124,54877598,369189582,2483723446,16709249906
Combat,Polearms,Leg Sweep,117,LegSweep,1,10233,180138,1212424,8157124,54877598,369189582,2483723446,16709249906
Combat,Polearms,Skewer,118,Skewer,1,10233,180138,1212424,8157124,54877598,369189582,2483723446,16709249906
Combat,Polearms,Defensive Positions,120,DefensivePositions,4,40932,720552,4849696,32628496,219510392,1476758328,9934893784,66836999624
Combat,Polearms,Bec de Faucon,3323,PowerfulSwing,4,40932,720552,4849696,32628496,219510392,1476758328,9934893784,66836999624
Combat,Polearms,Polearm Specialization,2512,MasteryPolearm,20,204660,3602760,24248480,163142480,1097551960,7383791640,49674468920,334184998120
Combat,Ranged,Ranged Combat,473,RangedAttack,1,10233,180138,1212424,8157124,54877598,369189582,2483723446,16709249906
Combat,Ranged,Aimed Shot,121,AimedShot,1,10233,180138,1212424,8157124,54877598,369189582,2483723446,16709249906
Combat,Ranged,Disabling Shot,122,DisablingShot,1,10233,180138,1212424,8157124,54877598,369189582,2483723446,16709249906
Combat,Ranged,Piercing Shot,123,PiercingShot,1,10233,180138,1212424,8157124,54877598,369189582,2483723446,16709249906
Combat,Ranged,Blinding Shot,124,BlindingShot,1,10233,180138,1212424,8157124,54877598,369189582,2483723446,16709249906
Combat,Ranged,Multi Shot,125,Multishot,1,10233,180138,1212424,8157124,54877598,369189582,2483723446,16709249906
Combat,Ranged,Rapid Fire,126,RapidFire,1,10233,180138,1212424,8157124,54877598,369189582,2483723446,16709249906
Combat,Ranged,Eagle Eye,127,EagleEye,4,40932,720552,4849696,32628496,219510392,1476758328,9934893784,66836999624
Combat,Ranged,Range,128,Range,4,40932,720552,4849696,32628496,219510392,1476758328,9934893784,66836999624
Combat,Ranged,Ammo Scavenger,129,AmmoScavenger,4,40932,720552,4849696,32628496,219510392,1476758328,9934893784,66836999624
Combat,Ranged,Draw Strength,130,DrawStrength,4,40932,720552,4849696,32628496,219510392,1476758328,9934893784,66836999624
Combat,Ranged,Ranged Specialization,2513,MasteryRanged,20,204660,3602760,24248480,163142480,1097551960,7383791640,49674468920,334184998120
Combat,Shield,Deflect,131,Deflect,1,10233,180138,1212424,8157124,54877598,369189582,2483723446,16709249906
Combat,Shield,Shield Bash,132,ShieldBash,1,10233,180138,1212424,8157124,54877598,369189582,2483723446,16709249906
Combat,Shield,Bolster Balance,133,BolsterBalance,1,10233,180138,1212424,8157124,54877598,369189582,2483723446,16709249906
Combat,Shield,Dig In,134,DigIn,1,10233,180138,1212424,8157124,54877598,369189582,2483723446,16709249906
Combat,Shield,Charge,135,Charge,1,10233,180138,1212424,8157124,54877598,369189582,2483723446,16709249906
Combat,Shield,Testudo,136,Testudo,1,10233,180138,1212424,8157124,54877598,369189582,2483723446,16709249906
Combat,Shield,Angles,137,Angles,4,40932,720552,4849696,32628496,219510392,1476758328,9934893784,66836999624
Combat,Shield,Redirection,138,Redirection,4,40932,720552,4849696,32628496,219510392,1476758328,9934893784,66836999624
Combat,Shield,Shield Preservation,139,ShieldPreservation,4,40932,720552,4849696,32628496,219510392,1476758328,9934893784,66836999624
Combat,Shield,Stand Your Ground,140,StandYourGround,4,40932,720552,4849696,32628496,219510392,1476758328,9934893784,66836999624
Combat,Shield,Shield Specialization,2514,MasteryShield,20,204660,3602760,24248480,163142480,1097551960,7383791640,49674468920,334184998120
Combat,Shield,Ranged Defense,3515,RangedDefense,4,40932,720552,4849696,32628496,219510392,1476758328,9934893784,66836999624
Combat,Shield,Arcane Defense,3516,ArcaneDefense,4,40932,720552,4849696,32628496,219510392,1476758328,9934893784,66836999624
Combat,Shield,Answering Blow,3517,AnsweringBlow,1,10233,180138,1212424,8157124,54877598,369189582,2483723446,16709249906
Magic,Air,Discharge,221,Discharge,1,10233,180138,1212424,8157124,54877598,369189582,2483723446,16709249906
Magic,Air,Gust,1,Gust,0.5,5117,90069,606212,4078562,27438799,184594791,1241861723,8354624953
Magic,Air,Lightning,2,Lightning,1,10233,180138,1212424,8157124,54877598,369189582,2483723446,16709249906
Magic,Air,Chain Lightning,3,ChainLightning,2,20466,360276,2424848,16314248,109755196,738379164,4967446892,33418499812
Magic,Air,Lightning Storm,13310,LightningStorm,2,20466,360276,2424848,16314248,109755196,738379164,4967446892,33418499812
Magic,Air,Summon Air Elemental,4,SummonAirElemental,2,20466,360276,2424848,16314248,109755196,738379164,4967446892,33418499812
Magic,Air,Air's Embrace,5,AirsEmbrace,1,10233,180138,1212424,8157124,54877598,369189582,2483723446,16709249906
Magic,Air,Dash,6,Dash,1,10233,180138,1212424,8157124,54877598,369189582,2483723446,16709249906
Magic,Air,Blink,7,Blink,1,10233,180138,1212424,8157124,54877598,369189582,2483723446,16709249906
Magic,Air,Shield of Air,515,ShieldOfAir,1,10233,180138,1212424,8157124,54877598,369189582,2483723446,16709249906
Magic,Air,Rapid Discharge,8,RapidDischarge,2,20466,360276,2424848,16314248,109755196,738379164,4967446892,33418499812
Magic,Air,Well Grounded,9,WellGrounded,2,20466,360276,2424848,16314248,109755196,738379164,4967446892,33418499812
Magic,Air,Air Magic Specialization,2501,MasteryAir,20,204660,3602760,24248480,163142480,1097551960,7383791640,49674468920,334184998120
Magic,Air,Earth Warding,3758,WardEarth,20,204660,3602760,24248480,163142480,1097551960,7383791640,49674468920,334184998120
Magic,Air,Shock Weapon,3761,ShockWeapon,1,10233,180138,1212424,8157124,54877598,369189582,2483723446,16709249906
Magic,Chaos,Confusion,34,ChaoticConfusion,2,20466,360276,2424848,16314248,109755196,738379164,4967446892,33418499812
Magic,Chaos,Chaos Bolt,30,ChaosBolt,1,10233,180138,1212424,8157124,54877598,369189582,2483723446,16709249906
Magic,Chaos,Juxtapose,420,Juxtapose,4,40932,720552,4849696,32628496,219510392,1476758328,9934893784,66836999624
Magic,Chaos,Tabula Rasa,31,TabulaRasa,2,20466,360276,2424848,16314248,109755196,738379164,4967446892,33418499812
Magic,Chaos,Chaotic Clone,35,ChaoticClone,2,20466,360276,2424848,16314248,109755196,738379164,4967446892,33418499812
Magic,Chaos,Summon Daemon,37,SummonDemon,6,61398,1080828,7274544,48942744,329265588,2215137492,14902340676,100255499436
Magic,Chaos,Torpid Torment,524,TorpidTorment,1,10233,180138,1212424,8157124,54877598,369189582,2483723446,16709249906
Magic,Chaos,Chaotic Feedback,523,ChaoticFeedback,1,10233,180138,1212424,8157124,54877598,369189582,2483723446,16709249906
Magic,Chaos,Chaotic Step,497,ChaoticStep,1,10233,180138,1212424,8157124,54877598,369189582,2483723446,16709249906
Magic,Chaos,Chaotic Shield,3303,ChaoticShield,1,10233,180138,1212424,8157124,54877598,369189582,2483723446,16709249906
Magic,Chaos,Chaos Magic Specialization,2504,MasteryChaos,20,204660,3602760,24248480,163142480,1097551960,7383791640,49674468920,334184998120
Magic,Death,Corpse Explosion,41,CorpseExplosion,1,10233,180138,1212424,8157124,54877598,369189582,2483723446,16709249906
Magic,Death,Tap Soul,450,TapSoul,2,20466,360276,2424848,16314248,109755196,738379164,4967446892,33418499812
Magic,Death,Death Ray,42,DeathRay,2,20466,360276,2424848,16314248,109755196,738379164,4967446892,33418499812
Magic,Death,Death Touch,43,DeathTouch,1,10233,180138,1212424,8157124,54877598,369189582,2483723446,16709249906
Magic,Death,Death Shield,44,DeathShield,2,20466,360276,2424848,16314248,109755196,738379164,4967446892,33418499812
Magic,Death,Death Field,45,DeathField,2,20466,360276,2424848,16314248,109755196,738379164,4967446892,33418499812
Magic,Death,Summon Skeleton,46,SummonSkeleton,4,40932,720552,4849696,32628496,219510392,1476758328,9934893784,66836999624
Magic,Death,Summon Lich,47,SummonLich,6,61398,1080828,7274544,48942744,329265588,2215137492,14902340676,100255499436
Magic,Death,Revenant Stance,4348,RevenantStance,8,81864,1441104,9699392,65256992,439020784,2953516656,19869787568,133673999248
Magic,Death,Death Mastery,48,DeathMastery,4,40932,720552,4849696,32628496,219510392,1476758328,9934893784,66836999624
Magic,Death,Undead Mastery,49,UndeadMastery,4,40932,720552,4849696,32628496,219510392,1476758328,9934893784,66836999624
Magic,Death,Mummified Undead,50,MummifiedUndead,4,40932,720552,4849696,32628496,219510392,1476758328,9934893784,66836999624
Magic,Death,Death Magic Specialization,2505,MasteryDeath,20,204660,3602760,24248480,163142480,1097551960,7383791640,49674468920,334184998120
Magic,Death,Life Warding,3757,WardLife,20,204660,3602760,24248480,163142480,1097551960,7383791640,49674468920,334184998120
Magic,Earth,Root,51,Root,2,20466,360276,2424848,16314248,109755196,738379164,4967446892,33418499812
Magic,Earth,Stone Fist,52,StoneFist,1,10233,180138,1212424,8157124,54877598,369189582,2483723446,16709249906
Magic,Earth,Stone Arrow,53,ObsidianArrow,2,20466,360276,2424848,16314248,109755196,738379164,4967446892,33418499812
Magic,Earth,Shield of Crystal,314,ShieldOfCrystal,2,20466,360276,2424848,16314248,109755196,738379164,4967446892,33418499812
Magic,Earth,Earthquake,55,Earthquake,3,30699,540414,3637272,24471372,164632794,1107568746,7451170338,50127749718
Magic,Earth,Summon Earth Elemental,56,SummonEarthElemental,4,40932,720552,4849696,32628496,219510392,1476758328,9934893784,66836999624
Magic,Earth,Strength of Earth,57,StrengthOfEarth,1,10233,180138,1212424,8157124,54877598,369189582,2483723446,16709249906
Magic,Earth,Earth's Embrace,58,EarthsEmbrace,2,20466,360276,2424848,16314248,109755196,738379164,4967446892,33418499812
Magic,Earth,Bulwark of Earth,59,AttunementWithEarth,4,40932,720552,4849696,32628496,219510392,1476758328,9934893784,66836999624
Magic,Earth,Sympathy of Stone,60,SympathyOfStone,4,40932,720552,4849696,32628496,219510392,1476758328,9934893784,66836999624
Magic,Earth,Torpor,1353,Torpor,2,20466,360276,2424848,16314248,109755196,738379164,4967446892,33418499812
Magic,Earth,Earth Magic Specialization,2506,MasteryEarth,20,204660,3602760,24248480,163142480,1097551960,7383791640,49674468920,334184998120
Magic,Earth,Air Warding,3756,WardAir,20,204660,3602760,24248480,163142480,1097551960,7383791640,49674468920,334184998120
Magic,Fire,Fireball,61,Fireball,3,30699,540414,3637272,24471372,164632794,1107568746,7451170338,50127749718
Magic,Fire,Flame Fist,62,FlameFist,1,10233,180138,1212424,8157124,54877598,369189582,2483723446,16709249906
Magic,Fire,Fire Arrow,63,FireArrow,2,20466,360276,2424848,16314248,109755196,738379164,4967446892,33418499812
Magic,Fire,Immolation,64,Immolation,1,10233,180138,1212424,8157124,54877598,369189582,2483723446,16709249906
Magic,Fire,Ignite Weapon,65,IgniteWeapon,1,10233,180138,1212424,8157124,54877598,369189582,2483723446,16709249906
Magic,Fire,Ring of Fire,66,RingOfFire,2,20466,360276,2424848,16314248,109755196,738379164,4967446892,33418499812
Magic,Fire,Summon Fire Elemental,67,SummonFireElemental,4,40932,720552,4849696,32628496,219510392,1476758328,9934893784,66836999624
Magic,Fire,Highly Flammable,68,HighlyFlammable,4,40932,720552,4849696,32628496,219510392,1476758328,9934893784,66836999624
Magic,Fire,Fire Speed,69,FireReach,4,40932,720552,4849696,32628496,219510392,1476758328,9934893784,66836999624
Magic,Fire,Fire Proof,70,FireProof,4,40932,720552,4849696,32628496,219510392,1476758328,9934893784,66836999624
Magic,Fire,Fire Magic Specialization,2507,MasteryFire,20,204660,3602760,24248480,163142480,1097551960,7383791640,49674468920,334184998120
Magic,Fire,Water Warding,3755,WardWater,20,204660,3602760,24248480,163142480,1097551960,7383791640,49674468920,334184998120
Magic,Life,Healing Touch,81,HealingTouch,1,10233,180138,1212424,8157124,54877598,369189582,2483723446,16709249906
Magic,Life,Healing Ray,82,HealingRay,2,20466,360276,2424848,16314248,109755196,738379164,4967446892,33418499812
Magic,Life,Healing Blast,3155,HealingBlast,2,20466,360276,2424848,16314248,109755196,738379164,4967446892,33418499812
Magic,Life,Purify,83,Purify,1,10233,180138,1212424,8157124,54877598,369189582,2483723446,16709249906
Magic,Life,Healing Burst,84,HealingBurst,3,30699,540414,3637272,24471372,164632794,1107568746,7451170338,50127749718
Magic,Life,Purify Burst,85,PurifyBurst,3,30699,540414,3637272,24471372,164632794,1107568746,7451170338,50127749718
Magic,Life,Banish Undead,86,BanishUndead,2,20466,360276,2424848,16314248,109755196,738379164,4967446892,33418499812
Magic,Life,Healing Grace,87,HealingGrace,2,20466,360276,2424848,16314248,109755196,738379164,4967446892,33418499812
Magic,Life,Resurrection,88,Resurrection,4,40932,720552,4849696,32628496,219510392,1476758328,9934893784,66836999624
Magic,Life,Life Power,89,LifePower,4,40932,720552,4849696,32628496,219510392,1476758328,9934893784,66836999624
Magic,Life,Life Reach,90,LifeReach,4,40932,720552,4849696,32628496,219510392,1476758328,9934893784,66836999624
Magic,Life,Beneficent Blessing,777,BeneficentBlessing,4,40932,720552,4849696,32628496,219510392,1476758328,9934893784,66836999624
Magic,Life,Life Magic Specialization,2509,MasteryLife,20,204660,3602760,24248480,163142480,1097551960,7383791640,49674468920,334184998120
Magic,Life,Death Warding,3754,WardDeath,20,204660,3602760,24248480,163142480,1097551960,7383791640,49674468920,334184998120
Magic,Moon,Vanish,101,Vanish,1,10233,180138,1212424,8157124,54877598,369189582,2483723446,16709249906
Magic,Moon,Night Vision,102,NightVision,1,10233,180138,1212424,8157124,54877598,369189582,2483723446,16709249906
Magic,Moon,Celestial Blessing,103,CelestialBlessing,1,10233,180138,1212424,8157124,54877598,369189582,2483723446,16709249906
Magic,Moon,Fireflies,2811,FireFlies,1,10233,180138,1212424,8157124,54877598,369189582,2483723446,16709249906
Magic,Moon,Meteor Shower,2812,MeteorShower,1,10233,180138,1212424,8157124,54877598,369189582,2483723446,16709249906
Magic,Moon,Shooting Star,3766,ShootingStar,1,10233,180138,1212424,8157124,54877598,369189582,2483723446,16709249906
Magic,Moon,Shadow Form,104,ShadowForm,1,10233,180138,1212424,8157124,54877598,369189582,2483723446,16709249906
Magic,Moon,Animal Charm,358,AnimalCharm,1,10233,180138,1212424,8157124,54877598,369189582,2483723446,16709249906
Magic,Moon,Night Step,359,NightStep,1,10233,180138,1212424,8157124,54877598,369189582,2483723446,16709249906
Magic,Moon,Summon Will-O-Wisp,108,SummonWilloWisp,1,10233,180138,1212424,8157124,54877598,369189582,2483723446,16709249906
Magic,Moon,Moon Beams,312,MoonBeams,1,10233,180138,1212424,8157124,54877598,369189582,2483723446,16709249906
Magic,Moon,Moon Worship,109,MoonWorship,4,40932,720552,4849696,32628496,219510392,1476758328,9934893784,66836999624
Magic,Moon,Moon Eater,110,MoonEater,4,40932,720552,4849696,32628496,219510392,1476758328,9934893784,66836999624
Magic,Moon,Cocoon of Night,1351,CocoonOfNight,1,10233,180138,1212424,8157124,54877598,369189582,2483723446,16709249906
Magic,Moon,Lunar Magic Specialization,2511,MasteryLunar,20,204660,3602760,24248480,163142480,1097551960,7383791640,49674468920,334184998120
Magic,Moon,Sun Warding,3753,WardSun,20,204660,3602760,24248480,163142480,1097551960,7383791640,49674468920,334184998120
Magic,Sun,Searing Ray,141,SearingRay,1,10233,180138,1212424,8157124,54877598,369189582,2483723446,16709249906
Magic,Sun,Light,142,Light,1,10233,180138,1212424,8157124,54877598,369189582,2483723446,16709249906
Magic,Sun,Enlightenment,143,Enlightenment,1,10233,180138,1212424,8157124,54877598,369189582,2483723446,16709249906
Magic,Sun,Blind,144,Blind,1,10233,180138,1212424,8157124,54877598,369189582,2483723446,16709249906
Magic,Sun,Reveal Hidden,146,RevealHidden,1,10233,180138,1212424,8157124,54877598,369189582,2483723446,16709249906
Magic,Sun,Dazzling Rays,313,DazzlingRays,1,10233,180138,1212424,8157124,54877598,369189582,2483723446,16709249906
Magic,Sun,Summon Phoenix,148,SummonPhoenix,1,10233,180138,1212424,8157124,54877598,369189582,2483723446,16709249906
Magic,Sun,Sun Worship,149,SunWorship,4,40932,720552,4849696,32628496,219510392,1476758328,9934893784,66836999624
Magic,Sun,Sun Eater,150,SunEater,4,40932,720552,4849696,32628496,219510392,1476758328,9934893784,66836999624
Magic,Sun,Elysian Illumination,1352,ElysianIllumination,1,10233,180138,1212424,8157124,54877598,369189582,2483723446,16709249906
Magic,Sun,Sun Magic Specialization,2516,MasterySun,20,204660,3602760,24248480,163142480,1097551960,7383791640,49674468920,334184998120
Magic,Sun,Moon Warding,3752,WardMoon,20,204660,3602760,24248480,163142480,1097551960,7383791640,49674468920,334184998120
Magic,Sun,Solar Flare,3783,SolarFlare,1,10233,180138,1212424,8157124,54877598,369189582,2483723446,16709249906
Magic,Sun,Judgment,4347,Judgment,1,10233,180138,1212424,8157124,54877598,369189582,2483723446,16709249906
Magic,Water,Ice Fist,161,IceFist,1,10233,180138,1212424,8157124,54877598,369189582,2483723446,16709249906
Magic,Water,Ice Arrow,165,IceArrow,1,10233,180138,1212424,8157124,54877598,369189582,2483723446,16709249906
Magic,Water,Douse,162,Douse,1,10233,180138,1212424,8157124,54877598,369189582,2483723446,16709249906
Magic,Water,Soothing Rain,163,SoothingRain,1,10233,180138,1212424,8157124,54877598,369189582,2483723446,16709249906
Magic,Water,Shield of Ice,164,ShieldOfIce,1,10233,180138,1212424,8157124,54877598,369189582,2483723446,16709249906
Magic,Water,Summon Water Elemental,166,SummonWaterElemental,1,10233,180138,1212424,8157124,54877598,369189582,2483723446,16709249906
Magic,Water,Ice Field,167,IceField,1,10233,180138,1212424,8157124,54877598,369189582,2483723446,16709249906
Magic,Water,Summon Ice Elemental,168,SummonIceElemental,1,10233,180138,1212424,8157124,54877598,369189582,2483723446,16709249906
Magic,Water,Cone of Cold,13308,ConeOfCold,1,10233,180138,1212424,8157124,54877598,369189582,2483723446,16709249906
Magic,Water,Icy Breath,169,IcyBreath,4,40932,720552,4849696,32628496,219510392,1476758328,9934893784,66836999624
Magic,Water,Blue Blooded,170,BlueBlooded,4,40932,720552,4849696,32628496,219510392,1476758328,9934893784,66836999624
Magic,Water,Water Magic Specialization,2518,MasteryWater,20,204660,3602760,24248480,163142480,1097551960,7383791640,49674468920,334184998120
Magic,Water,Fire Warding,3750,WardFire,20,204660,3602760,24248480,163142480,1097551960,7383791640,49674468920,334184998120
Magic,Water,Frost Weapon,3759,FrostWeapon,1,10233,180138,1212424,8157124,54877598,369189582,2483723446,16709249906
Strategy,Subterfuge,Engage Opponent,521,Engage,1,10233,180138,1212424,8157124,54877598,369189582,2483723446,16709249906
Strategy,Subterfuge,Obfuscate,3300,Obfuscate,2,20466,360276,2424848,16314248,109755196,738379164,4967446892,33418499812
Strategy,Tactics,Pugilism,3231,UnarmedAttack,1,10233,180138,1212424,8157124,54877598,369189582,2483723446,16709249906
Strategy,Subterfuge,Trip,158,Trip,1,10233,180138,1212424,8157124,54877598,369189582,2483723446,16709249906
Strategy,Subterfuge,Camouflage,94,Camouflage,1,10233,180138,1212424,8157124,54877598,369189582,2483723446,16709249906
Strategy,Subterfuge,Sneak Attack,100,SneakAttack,2,20466,360276,2424848,16314248,109755196,738379164,4967446892,33418499812
Strategy,Subterfuge,Sap,516,Sap,2,20466,360276,2424848,16314248,109755196,738379164,4967446892,33418499812
Strategy,Subterfuge,Poison Weapon,517,PoisonWeapon,2,20466,360276,2424848,16314248,109755196,738379164,4967446892,33418499812
Strategy,Subterfuge,Distract,522,Distract,2,20466,360276,2424848,16314248,109755196,738379164,4967446892,33418499812
Strategy,Subterfuge,Silent Movement,98,SilentMovement,2,20466,360276,2424848,16314248,109755196,738379164,4967446892,33418499812
Strategy,Subterfuge,Armor Weak Points,119,ArmorWeakPoints,4,40932,720552,4849696,32628496,219510392,1476758328,9934893784,66836999624
Strategy,Subterfuge,Backstab,2557,Backstab,4,40932,720552,4849696,32628496,219510392,1476758328,9934893784,66836999624
Strategy,Subterfuge,Train Dexterity,153,TrainDexterity,10,102330,1801380,12124240,81571240,548775980,3691895820,24837234460,167092499060
Strategy,Subterfuge,Pick Pockets,518,PickPocket,2,20466,360276,2424848,16314248,109755196,738379164,4967446892,33418499812
Strategy,Subterfuge,Safe Fall,934,SafeFall,5,51165,900690,6062120,40785620,274387990,1845947910,12418617230,83546249530
Strategy,Subterfuge,Opportunity Strike,1359,OpportunityStrike,2,20466,360276,2424848,16314248,109755196,738379164,4967446892,33418499812
Strategy,Subterfuge,Subterfuge Specialization,2515,MasterySubterfuge,20,204660,3602760,24248480,163142480,1097551960,7383791640,49674468920,334184998120
Strategy,Tactics,Healthy,151,Healthy,5,51165,900690,6062120,40785620,274387990,1845947910,12418617230,83546249530
Strategy,Tactics,Offhand Attack,152,OffhandAttack,1,10233,180138,1212424,8157124,54877598,369189582,2483723446,16709249906
Strategy,Tactics,Armor Preservation,155,ArmorPreservation,4,40932,720552,4849696,32628496,219510392,1476758328,9934893784,66836999624
Strategy,Tactics,Reckless Stance,305,RecklessStance,1,10233,180138,1212424,8157124,54877598,369189582,2483723446,16709249906
Strategy,Tactics,Defensive Stance,71,DefensiveStance,1,10233,180138,1212424,8157124,54877598,369189582,2483723446,16709249906
Strategy,Tactics,Mounted Proficiency,5773,Horsemanship,10,102330,1801380,12124240,81571240,548775980,3691895820,24837234460,167092499060
Strategy,Tactics,Train Strength,154,TrainStrength,10,102330,1801380,12124240,81571240,548775980,3691895820,24837234460,167092499060
Strategy,Tactics,Offhand Defense,157,OffhandDefense,4,40932,720552,4849696,32628496,219510392,1476758328,9934893784,66836999624
Strategy,Tactics,Weapon Preservation,159,WeaponPreservation,4,40932,720552,4849696,32628496,219510392,1476758328,9934893784,66836999624
Strategy,Tactics,Berserker's Stance,306,BerserkersStance,1,10233,180138,1212424,8157124,54877598,369189582,2483723446,16709249906
Strategy,Tactics,Passive Stance,307,PassiveStance,1,10233,180138,1212424,8157124,54877598,369189582,2483723446,16709249906
Strategy,Tactics,Magic Warding,3751,WardMagic,20,204660,3602760,24248480,163142480,1097551960,7383791640,49674468920,334184998120
Strategy,Tactics,Heavy Lifter,156,HeavyLifter,4,40932,720552,4849696,32628496,219510392,1476758328,9934893784,66836999624
Strategy,Tactics,Parry,11,Parry,1,10233,180138,1212424,8157124,54877598,369189582,2483723446,16709249906
Strategy,Tactics,Offhand Power,160,OffhandPower,4,40932,720552,4849696,32628496,219510392,1476758328,9934893784,66836999624
Strategy,Tactics,Fortify Defenses,1358,FortifyDefenses,1,10233,180138,1212424,8157124,54877598,369189582,2483723446,16709249906
Strategy,Tactics,Tactics Specialization,2517,MasteryTactics,20,204660,3602760,24248480,163142480,1097551960,7383791640,49674468920,334184998120
Strategy,Tactics,Elixir Extension,3554,ElixirExtension,4,40932,720552,4849696,32628496,219510392,1476758328,9934893784,66836999624
Strategy,Tactics,Mounted Gallop Speed,5774,HorseSprintSpeed,10,102330,1801380,12124240,81571240,548775980,3691895820,24837234460,167092499060
Strategy,Tactics,Mounted Carry Capacity Focus,5776,HorseCarryCapacity,10,102330,1801380,12124240,81571240,548775980,3691895820,24837234460,167092499060
Strategy,Tactics,Mounted Speed Focus,5879,HorseSpeed,10,102330,1801380,12124240,81571240,548775980,3691895820,24837234460,167092499060
Strategy,Bard,Melody of Mending,4302,MelodyOfMending,1,10233,180138,1212424,8157124,54877598,369189582,2483723446,16709249906
Strategy,Bard,Rhapsody of Recovery,4325,RhapsodyOfRecovery,1,10233,180138,1212424,8157124,54877598,369189582,2483723446,16709249906
Strategy,Bard,Dirge of Dissonance,4339,DirgeOfDissonance,1,10233,180138,1212424,8157124,54877598,369189582,2483723446,16709249906
Strategy,Bard,Requiem of Ruin,4340,RequiemOfRuin,1,10233,180138,1212424,8157124,54877598,369189582,2483723446,16709249906
Strategy,Bard,Savage Sonata,4309,SavageSonata,1,10233,180138,1212424,8157124,54877598,369189582,2483723446,16709249906
Strategy,Bard,Performance Stance,4329,PerformanceStance,1,10233,180138,1212424,8157124,54877598,369189582,2483723446,16709249906
Strategy,Bard,Flourish,4332,Flourish,1,10233,180138,1212424,8157124,54877598,369189582,2483723446,16709249906
Strategy,Bard,Dance,4333,Dance,1,10233,180138,1212424,8157124,54877598,369189582,2483723446,16709249906
Strategy,Bard,Group Dance,4334,GroupDance,1,10233,180138,1212424,8157124,54877598,369189582,2483723446,16709249906
Strategy,Bard,Instrument Proficiency,4331,InstrumentProficiency,5,51165,900690,6062120,40785620,274387990,1845947910,12418617230,83546249530
Strategy,Bard,Resounding Reach,4314,ResoundingReach,5,51165,900690,6062120,40785620,274387990,1845947910,12418617230,83546249530
Strategy,Bard,Musical Fortitude,4311,MusicalFortitude,5,51165,900690,6062120,40785620,274387990,1845947910,12418617230,83546249530
Strategy,Bard,Bard Specialization,4301,MasteryBard,20,204660,3602760,24248480,163142480,1097551960,7383791640,49674468920,334184998120
Strategy,Focus,Mind Wipe,172,MindWipe,1,10233,180138,1212424,8157124,54877598,369189582,2483723446,16709249906
Strategy,Focus,Train Intelligence,173,TrainIntelligence,10,102330,1801380,12124240,81571240,548775980,3691895820,24837234460,167092499060
Strategy,Focus,Mind Lock,177,MindLock,1,10233,180138,1212424,8157124,54877598,369189582,2483723446,16709249906
Strategy,Focus,Quick Swapping,180,QuickSwapping,4,40932,720552,4849696,32628496,219510392,1476758328,9934893784,66836999624
Strategy,Focus,Heightened Awareness,181,HightenedAwareness,5,51165,900690,6062120,40785620,274387990,1845947910,12418617230,83546249530
Strategy,Focus,Inner Calm,182,InnerCalm,4,40932,720552,4849696,32628496,219510392,1476758328,9934893784,66836999624
Strategy,Focus,Follow Through,183,FollowThrough,4,40932,720552,4849696,32628496,219510392,1476758328,9934893784,66836999624
Strategy,Focus,Tranquility,175,Concentration,4,40932,720552,4849696,32628496,219510392,1476758328,9934893784,66836999624
Strategy,Focus,Spellbinder Stance,1357,SpellBinderStance,1,10233,180138,1212424,8157124,54877598,369189582,2483723446,16709249906
Strategy,Focus,Aetheric Feedback,1360,AethericFeedback,1,10233,180138,1212424,8157124,54877598,369189582,2483723446,16709249906
Strategy,Focus,Focus Specialization,2519,MasteryFocus,20,204660,3602760,24248480,163142480,1097551960,7383791640,49674468920,334184998120
Strategy,Focus,Train Summoned Pet Health,3550,SummonedHealth,4,40932,720552,4849696,32628496,219510392,1476758328,9934893784,66836999624
Strategy,Focus,Train Summoned Pet Resistance,3551,SummonedToughness,4,40932,720552,4849696,32628496,219510392,1476758328,9934893784,66836999624
Strategy,Focus,Train Summoned Pet Damage,3552,SummonedDamage,4,40932,720552,4849696,32628496,219510392,1476758328,9934893784,66836999624
Strategy,Focus,Elixir Receptive,3553,ElixirReceptive,4,40932,720552,4849696,32628496,219510392,1476758328,9934893784,66836999624
Strategy,Taming,Tame Creature,430,TameCreature,4,40932,720552,4849696,32628496,219510392,1476758328,9934893784,66836999624
Strategy,Taming,Collar Recovery,476,TameCollarRecovery,1,10233,180138,1212424,8157124,54877598,369189582,2483723446,16709249906
Strategy,Taming,Resurrect Creature,530,TameResurrect,1,10233,180138,1212424,8157124,54877598,369189582,2483723446,16709249906
Strategy,Taming,Heal Creature,531,TameHeal,1,10233,180138,1212424,8157124,54877598,369189582,2483723446,16709249906
Strategy,Taming,Summoning,437,SummonTamed,4,40932,720552,4849696,32628496,219510392,1476758328,9934893784,66836999624
Strategy,Taming,Taming Specialization,2520,MasteryTaming,20,204660,3602760,24248480,163142480,1097551960,7383791640,49674468920,334184998120
Strategy,Taming,Pet Speed Training,3560,TameSpeedTraining,1,10233,180138,1212424,8157124,54877598,369189582,2483723446,16709249906
Strategy,Taming,Pet Taunting Training,3564,TameTauntTraining,1,10233,180138,1212424,8157124,54877598,369189582,2483723446,16709249906
Strategy,Taming,Pet Strength Training,3562,TameStrengthTraining,1,10233,180138,1212424,8157124,54877598,369189582,2483723446,16709249906
Strategy,Taming,Combat Training,433,TameCombatTraining,4,40932,720552,4849696,32628496,219510392,1476758328,9934893784,66836999624
Strategy,Taming,Pet Attack Precision Training,3563,TamePrecisionTraining,4,40932,720552,4849696,32628496,219510392,1476758328,9934893784,66836999624
Strategy,Taming,Pet Hide Toughness Training,3561,TameHideTraining,4,40932,720552,4849696,32628496,219510392,1476758328,9934893784,66836999624
Strategy,Taming,Pet Range,3565,TamePetRange,4,40932,720552,4849696,32628496,219510392,1476758328,9934893784,66836999624
Strategy,Taming,Animal Lore,3566,AnimalLore,4,40932,720552,4849696,32628496,219510392,1476758328,9934893784,66836999624
Strategy,Taming,Concentration,435,TameConcentration,1,10233,180138,1212424,8157124,54877598,369189582,2483723446,16709249906
Strategy,Taming,Obedience,432,TameObedience,1,10233,180138,1212424,8157124,54877598,369189582,2483723446,16709249906
Gathering,Field Dressing,Field Dressing,2037,FieldDressingProficiency,1,10233,180138,1212424,8157124,54877598,369189582,2483723446,16709249906
Gathering,Field Dressing,Meticulous Collection - Field Dressing,2013,FieldDressingMeticulousCollection,2,20466,360276,2424848,16314248,109755196,738379164,4967446892,33418499812
Gathering,Field Dressing,Survey - Field Dressing,2008,FieldDressingSurvey,1,10233,180138,1212424,8157124,54877598,369189582,2483723446,16709249906
Gathering,Field Dressing,Swift Gathering - Field Dressing,2003,FieldDressingSwiftGathering,1,10233,180138,1212424,8157124,54877598,369189582,2483723446,16709249906
Gathering,Fishing,Fishing,2042,FishingBase,1,10233,180138,1212424,8157124,54877598,369189582,2483723446,16709249906
Gathering,Fishing,Bait Recovery,2043,FishingBaitRecovery,1,10233,180138,1212424,8157124,54877598,369189582,2483723446,16709249906
Gathering,Fishing,Freshwater Fishing,2044,FishingWaterFresh,1,10233,180138,1212424,8157124,54877598,369189582,2483723446,16709249906
Gathering,Fishing,Fetid Water Fishing,2076,FishingWaterFetid,1,10233,180138,1212424,8157124,54877598,369189582,2483723446,16709249906
Gathering,Fishing,Saltwater Fishing,2077,FishingWaterSalt,1,10233,180138,1212424,8157124,54877598,369189582,2483723446,16709249906
Gathering,Fishing,Lava Fishing,2078,FishingLava,1,10233,180138,1212424,8157124,54877598,369189582,2483723446,16709249906
Gathering,Foraging,Foraging,2039,ForagingProficiency,1,10233,180138,1212424,8157124,54877598,369189582,2483723446,16709249906
Gathering,Foraging,Meticulous Collection - Foraging,2014,ForagingMeticulousCollection,2,20466,360276,2424848,16314248,109755196,738379164,4967446892,33418499812
Gathering,Foraging,Survey - Foraging,2009,ForagingSurvey,1,10233,180138,1212424,8157124,54877598,369189582,2483723446,16709249906
Gathering,Foraging,Swift Gathering - Foraging,2004,ForagingSwiftGathering,1,10233,180138,1212424,8157124,54877598,369189582,2483723446,16709249906
Gathering,Forestry,Forestry,2040,ForestryProficiency,1,10233,180138,1212424,8157124,54877598,369189582,2483723446,16709249906
Gathering,Forestry,Meticulous Collection - Forestry,2011,ForestryMeticulousCollection,2,20466,360276,2424848,16314248,109755196,738379164,4967446892,33418499812
Gathering,Forestry,Survey - Forestry,2006,ForestrySurvey,1,10233,180138,1212424,8157124,54877598,369189582,2483723446,16709249906
Gathering,Forestry,Swift Gathering - Forestry,2001,ForestrySwiftGathering,1,10233,180138,1212424,8157124,54877598,369189582,2483723446,16709249906
Gathering,Mining,Mining,2041,MiningProficiency,1,10233,180138,1212424,8157124,54877598,369189582,2483723446,16709249906
Gathering,Mining,Meticulous Collection - Mining,2010,MiningMeticulousCollection,2,20466,360276,2424848,16314248,109755196,738379164,4967446892,33418499812
Gathering,Mining,Survey - Mining,2005,MiningSurvey,1,10233,180138,1212424,8157124,54877598,369189582,2483723446,16709249906
Gathering,Mining,Swift Gathering - Mining,2000,MiningSwiftGathering,1,10233,180138,1212424,8157124,54877598,369189582,2483723446,16709249906
Refining,Agriculture,Sow Seeds Bonus,860,AgricultureBatchSowSeedsPassive,1,10233,180138,1212424,8157124,54877598,369189582,2483723446,16709249906
Refining,Agriculture,Water Plants,855,AgricultureBatchWaterPlants,1,10233,180138,1212424,8157124,54877598,369189582,2483723446,16709249906
Refining,Agriculture,Harvest Plants,857,AgricultureBatchHarvestPlants,1,10233,180138,1212424,8157124,54877598,369189582,2483723446,16709249906
Refining,Butchery,Butchery,2025,ButcheryProficiency,1,10233,180138,1212424,8157124,54877598,369189582,2483723446,16709249906
Refining,Butchery,Batching Materials - Butchery,2066,ButcheryBatchRefine,1,10233,180138,1212424,8157124,54877598,369189582,2483723446,16709249906
Refining,Butchery,Swift Refine Materials - Butchery,2002,ButcherySwiftRefine,1,10233,180138,1212424,8157124,54877598,369189582,2483723446,16709249906
Refining,Butchery,Efficient Refine Materials - Butchery,2071,ButcheryEfficientRefine,2,20466,360276,2424848,16314248,109755196,738379164,4967446892,33418499812
Refining,Milling,Milling,2026,MillingProficiency,1,10233,180138,1212424,8157124,54877598,369189582,2483723446,16709249906
Refining,Milling,Batching Materials - Milling,2067,MillingBatchRefine,1,10233,180138,1212424,8157124,54877598,369189582,2483723446,16709249906
Refining,Milling,Swift Refine Materials - Milling,2012,MillingSwiftRefine,1,10233,180138,1212424,8157124,54877598,369189582,2483723446,16709249906
Refining,Milling,Efficient Refine Materials - Milling,2072,MillingEfficientRefine,2,20466,360276,2424848,16314248,109755196,738379164,4967446892,33418499812
Refining,Smelting,Smelting,2027,SmeltingProficiency,1,10233,180138,1212424,8157124,54877598,369189582,2483723446,16709249906
Refining,Smelting,Batching Materials - Smelting,2070,SmeltingBatchRefine,1,10233,180138,1212424,8157124,54877598,369189582,2483723446,16709249906
Refining,Smelting,Swift Refine Materials - Smelting,2017,SmeltingSwiftRefine,1,10233,180138,1212424,8157124,54877598,369189582,2483723446,16709249906
Refining,Smelting,Efficient Refine Materials - Smelting,2075,SmeltingEfficientRefine,2,20466,360276,2424848,16314248,109755196,738379164,4967446892,33418499812
Refining,Tanning,Tanning,2028,TanningProficiency,1,10233,180138,1212424,8157124,54877598,369189582,2483723446,16709249906
Refining,Tanning,Batching Materials - Tanning,2069,TanningBatchRefine,1,10233,180138,1212424,8157124,54877598,369189582,2483723446,16709249906
Refining,Tanning,Swift Refine Materials - Tanning,2016,TanningSwiftRefine,1,10233,180138,1212424,8157124,54877598,369189582,2483723446,16709249906
Refining,Tanning,Efficient Refine Materials - Tanning,2074,TanningEfficientRefine,2,20466,360276,2424848,16314248,109755196,738379164,4967446892,33418499812
Refining,Textiles,Textiles,2029,TextilesProficiency,1,10233,180138,1212424,8157124,54877598,369189582,2483723446,16709249906
Refining,Textiles,Batching Materials - Textiles,2068,TextilesBatchRefine,1,10233,180138,1212424,8157124,54877598,369189582,2483723446,16709249906
Refining,Textiles,Swift Refine Materials - Textiles,2015,TextilesSwiftRefine,1,10233,180138,1212424,8157124,54877598,369189582,2483723446,16709249906
Refining,Textiles,Efficient Refine Materials - Textiles,2073,TextilesEfficientRefine,2,20466,360276,2424848,16314248,109755196,738379164,4967446892,33418499812
Production,Alchemy,Alchemy,2021,AlchemyProficiency,1,10233,180138,1212424,8157124,54877598,369189582,2483723446,16709249906
Production,Alchemy,Enchantment,2050,AlchemyEnchantmentProficiency,1,10233,180138,1212424,8157124,54877598,369189582,2483723446,16709249906
Production,Alchemy,Alchemy Mastery,2079,MasteryAlchemy,2,20466,360276,2424848,16314248,109755196,738379164,4967446892,33418499812
Production,Alchemy,Weapon Enchantment,2064,AlchemyEnchantmentWeaponProficiency,2,20466,360276,2424848,16314248,109755196,738379164,4967446892,33418499812
Production,Alchemy,Armor Enchantment,2065,AlchemyEnchantmentArmorProficiency,2,20466,360276,2424848,16314248,109755196,738379164,4967446892,33418499812
Production,Blacksmithing,Blacksmithing,2020,BlacksmithingProficiency,1,10233,180138,1212424,8157124,54877598,369189582,2483723446,16709249906
Production,Blacksmithing,Blacksmithing Repair,2030,BlacksmithingRepairProficiency,1,10233,180138,1212424,8157124,54877598,369189582,2483723446,16709249906
Production,Blacksmithing,Blacksmithing Salvage,2031,BlacksmithingSalvageProficiency,1,10233,180138,1212424,8157124,54877598,369189582,2483723446,16709249906
Production,Blacksmithing,Blacksmithing Masterwork,2059,BlacksmithingMasterworkProficiency,1,10233,180138,1212424,8157124,54877598,369189582,2483723446,16709249906
Production,Blacksmithing,Blacksmithing Mastery,2080,MasteryBlacksmithing,2,20466,360276,2424848,16314248,109755196,738379164,4967446892,33418499812
Production,Blacksmithing,Masterwork Blade Weapon,2045,MasterworkBladesProficiency,1,10233,180138,1212424,8157124,54877598,369189582,2483723446,16709249906
Production,Blacksmithing,Masterwork Plate Armor,2047,MasterworkPlateArmorProficiency,1,10233,180138,1212424,8157124,54877598,369189582,2483723446,16709249906
Production,Blacksmithing,Masterwork Chain Armor,2046,MasterworkChainArmorProficiency,1,10233,180138,1212424,8157124,54877598,369189582,2483723446,16709249906
Production,Blacksmithing,Masterwork Shield,2062,MasterworkShieldProficiency,1,10233,180138,1212424,8157124,54877598,369189582,2483723446,16709249906
Production,Carpentry,Carpentry,2023,CarpentryProficiency,1,10233,180138,1212424,8157124,54877598,369189582,2483723446,16709249906
Production,Carpentry,Carpentry Repair,2032,CarpentryRepairProficiency,1,10233,180138,1212424,8157124,54877598,369189582,2483723446,16709249906
Production,Carpentry,Carpentry Salvage,2033,CarpentrySalvageProficiency,1,10233,180138,1212424,8157124,54877598,369189582,2483723446,16709249906
Production,Carpentry,Carpentry Masterwork,2060,CarpentryMasterworkProficiency,1,10233,180138,1212424,8157124,54877598,369189582,2483723446,16709249906
Production,Carpentry,Carpentry Mastery,2081,MasteryCarpentry,2,20466,360276,2424848,16314248,109755196,738379164,4967446892,33418499812
Production,Carpentry,Masterwork Bludgeon Weapon,2052,MasterworkBludgeonProficiency,1,10233,180138,1212424,8157124,54877598,369189582,2483723446,16709249906
Production,Carpentry,Masterwork Polearm Weapon,2053,MasterworkPolearmProficiency,1,10233,180138,1212424,8157124,54877598,369189582,2483723446,16709249906
Production,Carpentry,Masterwork Ranged Weapon,2054,MasterworkRangedProficiency,1,10233,180138,1212424,8157124,54877598,369189582,2483723446,16709249906
Production,Cooking,Cooking,2024,CookingProficiency,1,10233,180138,1212424,8157124,54877598,369189582,2483723446,16709249906
Production,Tailoring,Tailoring,2022,TailoringProficiency,1,10233,180138,1212424,8157124,54877598,369189582,2483723446,16709249906
Production,Tailoring,Tailoring Repair,2034,TailoringRepairProficiency,1,10233,180138,1212424,8157124,54877598,369189582,2483723446,16709249906
Production,Tailoring,Tailoring Salvage,2035,TailoringSalvageProficiency,1,10233,180138,1212424,8157124,54877598,369189582,2483723446,16709249906
Production,Tailoring,Tailoring Masterwork,2061,TailoringMasterworkProficiency,1,10233,180138,1212424,8157124,54877598,369189582,2483723446,16709249906
Production,Tailoring,Tailoring Mastery,2082,MasteryTailoring,2,20466,360276,2424848,16314248,109755196,738379164,4967446892,33418499812
Production,Tailoring,Masterwork Leather Armor,2056,MasterworkLeatherArmorProficiency,1,10233,180138,1212424,8157124,54877598,369189582,2483723446,16709249906
Production,Tailoring,Masterwork Cloth Armor,2055,MasterworkClothArmorProficiency,1,10233,180138,1212424,8157124,54877598,369189582,2483723446,16709249906
